"name","geo","cname","region","EQIregionN2","eqi21_n2","eqi21_n2_lowME","eqi21_n2_highME","qualityp21_n2","impartialityp21_n2","corruptionp21_n2","accesInternetMenage","chomage_jeunes","coutTravail","crime_cambriolage","crime_homicide_intentionnel","crime_vol_qualifie","crime_vol_vehicule","dureeMoySejHopitaux","jeuneSansEmploiFormation","mort_infantile","NbLitHopitaux","nbPop_1erJanv","pauvreteExclusion","persSantePour1000Habs","pib_par_reg","pop_densite","popNivParEtude20_24","popNivParEtude25_64","tauxChomage","tauxmort_infantile","tauxRisquePauvrete","pib_hab","log_pib_hab","lit_hop_par_hab","cluster"
"Abruzzo","ITF1","Italy","Europe du Sud",314,-1.257,-1.396911,-1.117089,-1.152,-1.395,-1.084,81.88,21.6,NA,3189,8,526,2722,7.9,22,27,NA,1281012,27.9,422.74,30891,120.5,11.7,31.7,9.3,2.5,27.7,2563.56846473029,7.8491554983882,NA,"2"
"Åland","FI20","Finland","Europe du Nord",805,2.197,1.930522,2.463478,2.142,2.378,1.828,NA,NA,NA,21,0,1,22,NA,NA,0,NA,30129,NA,NA,1168.64,19.2,NA,14.7,NA,0,NA,608.666666666667,6.4112707724868,NA,NA
"Alentejo","PT18","Portugal","Europe du Sud",2005,-0.177,-0.48516,0.13116,-0.058,-0.061,-0.394,66.75,15.2,NA,1259,12,529,866,NA,12.4,19,NA,699420,20.2,322.33,12441.82,22.7,9.1,42.9,6.6,3.2,17.1,5480.97797356828,8.60903882634953,NA,"2"
"Algarve","PT15","Portugal","Europe du Sud",2002,-0.203,-0.513866,0.107866,-0.246,0.051,-0.391,73.17,19.4,NA,4058,11,1109,958,NA,11.6,10,NA,437970,22.3,435.21,8705.53,88.9,NA,39.1,8.3,3.2,21.6,979.249718785152,6.8867866853722,NA,"2"
"Alsace","FRF1","France","Europe de l'Ouest",1809,0.618,0.328916,0.907084,0.855,0.477,0.454,86.5,13.7,NA,NA,NA,NA,NA,8.9,14.6,81,NA,1918635,NA,365.47,59578.95,230.6,7.1,16.4,7.1,3.7,NA,2583.64917606245,7.85695808790752,NA,"4"
"Anatoliki Makedonia, Thraki","EL51","Greece","Europe du Sud",2105,-0.889,-1.132187,-0.645813,-0.149,-1.478,-0.942,NA,45.1,NA,NA,NA,NA,NA,NA,24.1,25,NA,594905,35.2,513.69,6494.58,42.8,6.4,32.9,18.5,5.4,29,1517.42523364486,7.32477025229309,NA,"2"
"Andalucía","ES61","Spain","Europe du Sud",515,-0.675,-0.991753,-0.358247,-0.559,-0.706,-0.686,81.67,35.5,NA,20541,78,12194,14065,7.2,21.4,228,NA,8502216,35.1,368.01,150556.62,97.4,27.7,44.8,21.7,2.9,32.3,15457.5585215606,9.64585338739098,NA,"1"
"Antwerpen","BE21","Belgium","Europe de l'Ouest",1111,0.478,0.153449,0.802551,0.391,0.411,0.579,88.61,10.7,NA,10860,30,3681,2673,5.9,11.9,65,10166,1879318,NA,276.44,88189.1,665.8,12,17.8,5.2,3,NA,1324.55842595374,7.18883441944458,15.2688495043557,"4"
"Aquitaine","FRI1","France","Europe de l'Ouest",1814,0.68,0.441509,0.918491,0.727,0.646,0.591,87.61,12.1,NA,NA,NA,NA,NA,8.8,14.5,106,NA,3511921,NA,369.24,103978.58,83.9,8,13.7,7.4,3.3,NA,12393.1561382598,9.42489967489294,NA,"3"
"Aragón","ES24","Spain","Europe du Sud",507,-0.32,-0.560145,-0.079855,-0.098,-0.374,-0.452,84.92,18.1,NA,2184,10,1620,1017,10.1,12.5,30,NA,1331133,18.5,576.32,35290.08,27.9,18.7,30.5,10.2,2.2,15.8,12648.7741935484,9.44531558776461,NA,"2"
"Área Metropolitana de Lisboa","PT17","Portugal","Europe du Sud",2004,0.016,-0.297213,0.329213,-0.175,0.208,0.013,85.46,16.1,NA,5872,44,12501,6587,NA,9.9,96,NA,2869033,14.6,687.99,71431.52,1015.9,11.3,27.8,6.8,2.1,12.8,703.13534796732,6.55554940239357,NA,"4"
"Arnsberg","DEA5","Germany","Europe de l'Ouest",165,0.887,0.678721,1.095279,0.864,0.627,1.07,NA,6.7,NA,NA,NA,NA,NA,NA,10.7,141,NA,3571053,NA,NA,125485.53,449.1,29.2,19.9,4.3,NA,NA,2794.15564462258,7.93528524500213,NA,"3"
"Attiki","EL30","Greece","Europe du Sud",2101,-1.307,-1.673094,-0.940906,-1.056,-1.351,-1.369,NA,20.9,NA,NA,NA,NA,NA,NA,17.6,121,NA,3736737,23.2,821.55,78176.3,987.5,3,11.2,11.9,3.5,12.9,791.658734177215,6.67413040776376,NA,"3"
"Auvergne","FRK1","France","Europe de l'Ouest",1819,0.482,0.248604,0.715396,0.367,0.459,0.567,86.6,15.9,NA,NA,NA,NA,NA,10.2,12.1,44,NA,1373075,NA,312.36,37176.22,52.6,15.5,17.8,7,2.7,NA,7067.72243346008,8.86329356179411,NA,"2"
"Basilicata","ITF5","Italy","Europe du Sud",318,-1.577,-1.776005,-1.377995,-1.474,-1.802,-1.279,74.96,23.7,NA,671,7,70,476,8.3,29.2,16,NA,545130,43.8,337.28,11644.46,55.7,11.5,36.7,8.3,2.3,27.6,2090.56732495512,7.64519075547064,NA,"2"
"Basse-Normandie","FRD1","France","Europe de l'Ouest",1805,0.645,0.40403,0.88597,0.686,0.604,0.573,80.52,11.7,NA,NA,NA,NA,NA,8.9,13.9,35,NA,1463498,NA,306.43,38746.06,82.6,7.2,19.3,6.4,3.4,NA,4690.80629539952,8.45335976465975,NA,"2"
"Berlin","DE30","Germany","Europe de l'Ouest",103,0.173,-0.126272,0.472272,-0.229,0.066,0.662,NA,8.6,NA,NA,NA,NA,NA,7.5,10.6,124,NA,3664088,NA,NA,155171.67,4322.9,18.1,13.5,5.7,NA,NA,358.952716926138,5.88319067208742,NA,"3"
"Bolzano/Bozen","ITH1","Italy","Europe du Sud",305,-0.344,-0.568122,-0.119878,0.245,-0.725,-0.515,82.32,7.2,NA,NA,NA,NA,NA,7.5,12.4,15,NA,534912,11,333.43,23722.15,72.2,20.2,30.3,3.8,3.1,7.7,3285.61634349031,8.09730953690874,NA,"2"
"Bourgogne","FRC1","France","Europe de l'Ouest",1803,0.411,0.190468,0.631532,0.25,0.412,0.525,88.51,10.3,NA,NA,NA,NA,NA,9.5,14.5,56,NA,1615259,NA,297.65,45362.19,51.3,9.2,19.2,7.1,2.7,NA,8842.53216374269,9.08732855847677,NA,"4"
"Brabant Wallon","BE31","Belgium","Europe de l'Ouest",1121,0.459,0.160079,0.757921,0.239,0.237,0.85,88.68,12,NA,2334,10,434,577,6.1,12.2,11,934,408325,NA,536.88,22200.13,369.7,NA,10.7,6.8,1.7,NA,600.490397619692,6.39774665075054,2.52637273464972,"2"
"Brandenburg","DE40","Germany","Europe de l'Ouest",104,0.889,0.622622,1.155378,0.287,1.165,1.116,NA,NA,NA,NA,NA,NA,NA,10,9.3,58,NA,2531071,NA,NA,74916.52,86.7,24.6,8.5,3,NA,NA,8640.89042675894,9.06426091514058,NA,"4"
"Bratislavský kraj","SK01","Slovakia","Europe de l'Est",1501,-1.047,-1.335692,-0.758308,-1.23,-0.817,-0.978,84.97,NA,NA,318,13,260,1311,NA,10.4,17,NA,677024,5.9,688.48,26189.74,328.8,NA,2.8,2.6,3.3,NA,796.524939172749,6.68025843981127,NA,"2"
"Braunschweig","DE91","Germany","Europe de l'Ouest",151,1.053,0.899211,1.206789,0.983,0.916,1.141,NA,NA,NA,NA,NA,NA,NA,NA,9.1,52,NA,1590577,NA,NA,75521.78,197.3,23.4,15.9,3.8,NA,NA,3827.76381145464,8.25003605042235,NA,"4"
"Bremen","DE50","Germany","Europe de l'Ouest",105,0.326,-0.067395,0.719395,-0.224,0.195,0.97,NA,NA,NA,NA,NA,NA,NA,7.6,12.5,31,NA,680130,NA,NA,31928.11,1744.5,30.8,21.8,6.9,NA,NA,183.021553453712,5.20960392434167,NA,"2"
"Bretagne","FRH0","France","Europe de l'Ouest",1813,0.873,0.618133,1.127867,0.922,0.72,0.882,85.68,10.6,NA,NA,NA,NA,NA,9.3,9.4,117,NA,3386415,NA,329.76,99654.23,122.4,6.5,12.9,5.8,3.4,NA,8141.68545751634,9.00475249622584,NA,"3"
"Bucuresti - Ilfov","RO32","Romania","Europe de l'Est",206,-2.313,-2.689938,-1.936062,-2.505,-1.863,-2.315,88.03,8,NA,2695,28,633,1069,6.5,12,112,NA,2327057,12.6,656.29,60305.36,1321.9,NA,7.7,3.5,2.9,2.9,456.202133292987,6.12293598606247,NA,"4"
"Budapest","HU11","Hungary","Europe de l'Est",1401,-1.442,-1.966708,-0.917292,-1.516,-0.868,-1.782,NA,4.8,NA,NA,NA,NA,NA,NA,8.9,46,NA,1723836,11.2,509.82,50430.8,3433.8,7.3,4.6,2.9,1.5,9.1,146.865862892422,4.98951967286915,NA,"4"
"Burgenland (AT)","AT11","Austria","Europe de l'Ouest",401,0.826,0.668967,0.983033,0.77,1.01,0.606,85.86,NA,NA,223,5,19,75,NA,8,7,NA,296010,NA,441.86,8921.61,77.8,NA,13,5.1,1,NA,1146.73650385604,7.04467536437035,NA,"2"
"Calabria","ITF6","Italy","Europe du Sud",319,-2.174,-2.309345,-2.038655,-2.255,-2.325,-1.702,70.86,37.2,NA,2531,63,821,5470,8.1,36.7,66,NA,1860601,41.6,382.98,30902.74,126.5,17.7,44.3,18,3.6,33.2,2442.90434782609,7.80094291692024,NA,"4"
"Campania","ITF3","Italy","Europe du Sud",316,-2.057,-2.288609,-1.825391,-2.252,-1.714,-1.978,78.31,37.7,NA,7861,67,11371,28979,7.3,36,170,NA,5624260,47.2,379.21,102833.91,422.2,19.5,46.6,19.3,3,37.6,2435.66816674562,7.79797639900315,NA,"3"
"Canarias","ES70","Spain","Europe du Sud",517,-0.652,-0.894348,-0.409652,-0.342,-0.604,-0.937,80.89,39.5,NA,3750,17,1944,2929,11.9,19.1,45,NA,2244369,36.3,447.03,39162.75,299.4,21.5,37.8,23.2,2.6,28.4,1308.04108216433,7.17628593990643,NA,"4"
"Cantabria","ES13","Spain","Europe du Sud",503,-0.01,-0.17259,0.15259,0.014,0.104,-0.146,83.51,19.8,NA,604,2,397,396,14.5,13.2,11,NA,583655,23.7,595.31,12866.92,110.5,14,31.4,11.5,3.2,15.4,1164.42714932127,7.05998452774639,NA,"2"
"Castilla-la Mancha","ES42","Spain","Europe du Sud",510,0.164,-0.014171,0.342171,0.239,0.256,-0.022,80.59,30.4,NA,5049,12,1220,1876,7.6,17.6,43,NA,2048656,29.8,277.04,39572.48,25.8,25.3,45.8,15.6,2.6,27.4,15338.1705426357,9.63809980722476,NA,"4"
"Castilla y León","ES41","Spain","Europe du Sud",509,-0.351,-0.586125,-0.115875,-0.429,-0.197,-0.39,79.15,23.7,NA,2802,10,1321,1410,11,13.1,42,NA,2386649,19.8,438.64,55401.69,25.6,19.9,35.9,11.4,3,17.9,21641.28515625,9.98235811919379,NA,"4"
"Cataluña","ES51","Spain","Europe du Sud",512,-0.837,-1.100745,-0.573255,-0.612,-0.658,-1.147,83.7,22.3,NA,21337,97,25154,12538,10,15,167,NA,7671252,22.8,468.71,212931.31,238.1,21.9,34.3,11.6,2.5,14.8,8942.93616127677,9.09861924391936,NA,"1"
"Centre - Val de Loire","FRB0","France","Europe de l'Ouest",1802,0.6,0.417752,0.782248,0.267,0.811,0.655,83.86,13.8,NA,NA,NA,NA,NA,9.6,12.8,94,NA,2567768,NA,257.74,71572.78,65.4,11.3,19.1,7.2,3.6,NA,10943.8501529052,9.30053294759984,NA,"4"
"Centro (PT)","PT16","Portugal","Europe du Sud",2003,0.042,-0.302211,0.386211,0.318,0.023,-0.22,72.44,15.1,NA,5568,24,1420,4185,NA,8.8,42,NA,2229331,19.4,533.58,38407.08,79.2,9.5,43.7,5.8,2.5,19.9,4849.37878787879,8.4866058907545,NA,"4"
"Centru","RO12","Romania","Europe de l'Est",202,-0.95,-1.227606,-0.672394,-1.514,-0.541,-0.689,72.34,13.4,NA,1555,42,234,131,8.3,23.1,187,NA,2302833,27.2,334.71,24568.16,68.2,20.5,20.6,5.1,7.4,20.2,3602.36950146628,8.18934710278071,NA,"4"
"Champagne-Ardenne","FRF2","France","Europe de l'Ouest",1810,0.45,0.176591,0.723409,0.57,0.267,0.464,85.77,16.7,NA,NA,NA,NA,NA,8.8,18.1,46,NA,1310320,NA,290.66,36658.74,51.5,10.6,22.4,8.9,4.3,NA,7118.20194174757,8.87041043624196,NA,"2"
"Chemnitz","DED4","Germany","Europe de l'Ouest",182,0.887,0.682289,1.091711,0.673,0.689,1.2,NA,NA,NA,NA,NA,NA,NA,NA,8.7,23,NA,1413730,NA,NA,41276.93,219.9,NA,5.3,2.3,NA,NA,1877.07730786721,7.53747122266814,NA,"2"
"Comunidad de Madrid","ES30","Spain","Europe du Sud",508,-0.349,-0.725786,0.027786,0.239,-0.583,-0.666,88.92,20.9,NA,13005,51,20832,13739,8,13.6,159,NA,6755828,20.9,569.63,216527.91,839.7,16.1,25.3,11.6,2.4,15.2,2578.63415505538,7.8550151404701,NA,"1"
"Comunidad Foral de Navarra","ES22","Spain","Europe du Sud",505,0.624,0.425811,0.822189,0.985,0.718,0.101,88.35,20.7,NA,854,3,218,207,9.6,14.3,14,NA,657654,12,640.66,19264.77,63.1,13.3,28.3,10.6,2,9.8,3053.05388272583,8.02389764168684,NA,"2"
"Comunitat Valenciana","ES52","Spain","Europe du Sud",513,0.179,-0.027425,0.385425,0.184,0.557,-0.222,81.96,29.6,NA,23268,46,10385,8033,6.9,16,115,NA,5047045,29.3,450.7,104724.32,216.2,20.4,37.9,15.9,2.5,25.1,4843.86308973173,8.48546784038663,NA,"3"
"Corse","FRM0","France","Europe de l'Ouest",1822,0.206,-0.030788,0.442788,0.388,0.486,-0.279,69.91,NA,NA,NA,NA,NA,NA,10.7,11.5,12,NA,346610,NA,307.05,8824.52,39.6,NA,27.5,9.1,3,NA,2228.41414141414,7.70904546412102,NA,"2"
"Cyprus","CY","Cyprus","CY",2801,-0.439,-0.946197,0.068197,-0.122,-0.557,-0.59,NA,NA,NA,NA,NA,NA,NA,NA,NA,NA,NA,NA,NA,NA,NA,NA,NA,NA,NA,NA,NA,NA,NA,NA,NA
"Darmstadt","DE71","Germany","Europe de l'Ouest",141,0.852,0.703732,1.000268,0.671,0.775,1.015,NA,7.4,NA,NA,NA,NA,NA,NA,8.4,115,NA,4026618,NA,NA,203858.13,542.2,25,18.8,4.1,NA,NA,3759.83271855404,8.23212974564798,NA,"3"
"Dél-Alföld","HU33","Hungary","Europe de l'Est",1408,-1.139,-1.564209,-0.713791,-1.29,-0.774,-1.227,76.48,8,NA,1738,17,236,610,NA,12.4,50,NA,1222173,16.5,313.95,12617.37,68.1,14.6,13.8,4.5,3.9,15.3,1852.77092511013,7.52443759484953,NA,"2"
"Dél-Dunántúl","HU23","Hungary","Europe de l'Est",1405,-1.147,-1.510665,-0.783335,-1.362,-0.996,-0.954,80.72,9.2,NA,2253,13,182,443,NA,18,33,NA,871105,24.7,331.02,8438.58,63.7,17.3,18.2,4.8,3.6,17.5,1324.73783359498,7.18896985740541,NA,"2"
"Detmold","DEA4","Germany","Europe de l'Ouest",164,0.951,0.716503,1.185497,0.775,0.824,1.148,NA,6.6,NA,NA,NA,NA,NA,NA,8.7,71,NA,2054178,NA,NA,78673.47,316.3,23.7,19.3,4.1,NA,NA,2487.30540625988,7.81895523733348,NA,"4"
"Dolnoslaskie","PL51","Poland","Europe de l'Est",606,-0.894,-1.125605,-0.662395,-0.803,-0.857,-0.924,NA,8.6,NA,4037,39,2340,1517,NA,14.6,109,NA,2857364,13.2,NA,43806.21,144.9,14,6.2,4,3.5,9.9,3023.20289855072,8.01407211080391,NA,"4"
"Drenthe","NL13","Netherlands","Europe de l'Ouest",1303,1.427,1.209861,1.644139,1.228,1.489,1.407,99.09,7.1,NA,1794,NA,83,175,4.3,6.3,14,NA,494771,14.3,297.76,15584.19,184.5,17.1,19.5,3.5,2.4,13.7,844.671544715447,6.73894784731324,NA,"2"
"Dresden","DED2","Germany","Europe de l'Ouest",181,0.934,0.724175,1.143825,0.819,0.677,1.201,NA,NA,NA,NA,NA,NA,NA,NA,8.1,36,NA,1589888,NA,NA,50633.96,205.6,NA,5,3.3,NA,NA,2462.74124513619,7.80903033581573,NA,"4"
"Düsseldorf","DEA1","Germany","Europe de l'Ouest",161,0.503,0.33607,0.66993,0.393,0.507,0.553,NA,6.5,NA,NA,NA,NA,NA,NA,10.7,212,NA,5200090,NA,NA,217052.99,1006.7,25.9,19.5,4.5,NA,NA,2156.08413628688,7.67604895551926,NA,"3"
"Dytiki Ellada","EL63","Greece","Europe du Sud",2111,-1.6,-1.940281,-1.259719,-0.785,-1.86,-1.978,NA,32.9,NA,NA,NA,NA,NA,NA,22.5,24,NA,646670,43.1,493.81,7404.63,59.2,8.9,32.7,17.5,2.4,28.5,1250.78209459459,7.1315243103186,NA,"2"
"Dytiki Makedonia","EL53","Greece","Europe du Sud",2107,-1.131,-1.430413,-0.831587,-0.879,-1.453,-0.936,NA,42.3,NA,NA,NA,NA,NA,NA,28,12,NA,262052,34.9,310.2,3323.23,28.8,NA,23.9,19.8,2.2,21.5,1153.89930555556,7.05090218637667,NA,"2"
"Eastern and Midland","IE06","Ireland","Europe du Nord",1003,0.29,0.071086,0.508914,0.327,0.237,0.272,NA,11.2,NA,NA,NA,NA,NA,NA,12.6,99,NA,2467483,17.3,NA,186167.29,169.8,3.8,11.2,6.4,2.9,9.1,10963.9157832744,9.30236477618873,NA,"4"
"Emilia-Romagna","ITH5","Italy","Europe du Sud",309,-0.501,-0.820713,-0.181287,0.263,-1.028,-0.681,84.08,14.3,NA,NA,NA,NA,NA,8.2,16.1,78,NA,4438937,11,426.09,149361.45,201.9,13.6,31.3,5.5,1.8,9.6,7397.79346210996,8.90893705393158,NA,"3"
"Estonia","EE","Estonia","EE",2301,0.355,0.071228,0.638772,0.198,0.255,0.572,NA,NA,NA,NA,NA,NA,NA,NA,NA,NA,NA,NA,NA,NA,NA,NA,NA,NA,NA,NA,NA,NA,NA,NA,NA
"Észak-Alföld","HU32","Hungary","Europe de l'Est",1407,-1.618,-1.991087,-1.244913,-1.514,-1.505,-1.656,76.46,14.9,NA,2861,16,354,490,NA,17.4,71,NA,1435131,24.1,301.39,13232.12,83.1,20.3,20.8,7.1,3.6,18.2,1592.31287605295,7.37294287727881,NA,"2"
"Észak-Magyarország","HU31","Hungary","Europe de l'Est",1406,-1.67,-2.119592,-1.220408,-2.054,-1.216,-1.555,75.48,12,NA,2174,12,324,320,NA,18.3,54,NA,1112263,25.7,206.78,10556.84,84.4,26.1,21.8,6.2,4.9,17.2,1250.81042654028,7.1315469614462,NA,"2"
"Etelä-Suomi","FI1C","Finland","Europe du Nord",803,1.31,1.121902,1.498098,1.217,1.314,1.255,92.7,13.3,NA,1482,13,284,2754,NA,12.1,19,NA,1147484,16.3,NA,43473.55,36.6,15,11.8,7.5,1.8,10.2,11878.0191256831,9.38244483875156,NA,"2"
"Extremadura","ES43","Spain","Europe du Sud",511,0.339,0.152728,0.525272,0.477,0.421,0.082,79.4,35.9,NA,1187,3,441,610,8.8,21.5,26,NA,1057999,38.7,370.35,19385.28,26,22.6,49.7,19.5,1.5,32.3,7455.87692307692,8.91675784913113,NA,"2"
"Flevoland","NL23","Netherlands","Europe de l'Ouest",1306,1.094,0.90608,1.28192,0.924,1.038,1.199,100,7.5,NA,2503,NA,323,372,4.1,8.4,16,NA,428226,13.9,130.49,14631.34,292.5,23,22.1,4.6,2.5,16.1,500.216752136752,6.21504150875987,NA,"2"
"Franche-Comté","FRC2","France","Europe de l'Ouest",1804,0.397,0.137054,0.656946,0.348,0.288,0.511,80.69,12.7,NA,NA,NA,NA,NA,9.5,13.4,55,NA,1176550,NA,305.48,30194.9,72.6,9.6,16.9,7,3.6,NA,4159.07713498623,8.33304848609322,NA,"2"
"Freiburg","DE13","Germany","Europe de l'Ouest",123,0.789,0.594439,0.983561,0.563,0.946,0.771,NA,5.2,NA,NA,NA,NA,NA,NA,6.6,73,NA,2276924,NA,NA,86681.72,244.9,20.4,16.3,3,NA,NA,3539.47407104941,8.17173342759041,NA,"4"
"Friesland (NL)","NL12","Netherlands","Europe de l'Ouest",1302,1.541,1.342381,1.739619,1.487,1.392,1.575,97.65,7.2,NA,2077,NA,97,149,4.2,6.2,25,NA,651435,16.5,243.4,20995.28,191,15.8,21.8,4.5,2.6,15.2,1099.22931937173,7.00236459448547,NA,"2"
"Friuli-Venezia Giulia","ITH4","Italy","Europe du Sud",308,-0.19,-0.51908,0.13908,0.27,-0.531,-0.288,81.9,13.2,NA,NA,NA,NA,NA,7.8,16.9,17,NA,1201510,19,392.55,36879.63,159.9,11.6,29.4,5.7,1.6,10.9,2306.41838649156,7.74345111823638,NA,"2"
"Galicia","ES11","Spain","Europe du Sud",501,-0.432,-0.687128,-0.176872,-0.205,-0.48,-0.563,78.78,24.7,NA,2731,17,1440,1934,8,14.3,52,NA,2696876,25.7,463.74,59105.65,92,16.7,36.1,11.7,2.7,20.2,6424.52717391304,8.76787831544656,NA,"4"
"Gelderland","NL22","Netherlands","Europe de l'Ouest",1305,1.494,1.282146,1.705854,1.398,1.467,1.451,96.23,7,NA,11338,NA,720,1666,4.5,5.7,77,NA,2096603,14.6,382.18,82044.01,415.8,11.8,19,3.9,5.2,13.8,1973.16041366041,7.58739180715774,NA,"4"
"Gießen","DE72","Germany","Europe de l'Ouest",142,0.956,0.761522,1.150478,0.65,0.866,1.247,NA,NA,NA,NA,NA,NA,NA,NA,7.3,32,NA,1048740,NA,NA,36122.45,194.9,23,18.1,3.5,NA,NA,1853.38378655721,7.5247683211685,NA,"2"
"Groningen","NL11","Netherlands","Europe de l'Ouest",1301,1.23,0.933266,1.526734,1.275,1.313,0.966,100,8.6,NA,2864,NA,288,252,4.6,5.7,24,NA,586937,22.9,558.15,23242.89,247.9,10.8,19.6,5.4,5.2,18.7,937.59136748689,6.84331421174846,NA,"2"
"Guadeloupe","FRY1","France","Europe de l'Ouest",1823,-0.687,-1.088993,-0.285007,-1.337,-0.421,-0.228,75.05,35.3,NA,NA,NA,NA,NA,9.1,25.5,39,NA,408142,NA,277.94,9294,247,NA,37.2,17.1,8.5,NA,376.275303643725,5.93032106601099,NA,"2"
"Guyane","FRY3","France","Europe de l'Ouest",1825,-0.834,-1.252465,-0.415535,-1.784,-0.542,-0.084,73.75,27.6,NA,NA,NA,NA,NA,8,38.9,73,NA,290528,NA,227.36,4351,3.4,36.8,52.3,14.6,6.9,NA,12797.0588235294,9.45697064409261,NA,"2"
"Hainaut","BE32","Belgium","Europe de l'Ouest",1122,0.122,-0.078713,0.322713,-0.254,0.264,0.343,78.94,21.4,NA,12435,30,3266,3942,6.5,18.4,51,8195,1349861,NA,257.57,33109.38,354.8,19.3,26.9,10.3,2.9,NA,933.184329199549,6.838602747464,23.097519729425,"2"
"Hamburg","DE60","Germany","Europe de l'Ouest",106,0.868,0.719391,1.016609,1.011,0.731,0.766,NA,7.4,NA,NA,NA,NA,NA,7.9,8.8,64,NA,1852478,NA,NA,119141.89,2597.5,21.4,15.1,4.4,NA,NA,458.679076034649,6.12835078476729,NA,"4"
"Hannover","DE92","Germany","Europe de l'Ouest",152,0.821,0.607721,1.034279,0.691,0.639,1.04,NA,NA,NA,NA,NA,NA,NA,NA,9.8,70,NA,2147704,NA,NA,84486.53,239,22.1,18.7,2.8,NA,NA,3535.00125523013,8.17046893341693,NA,"4"
"Haute-Normandie","FRD2","France","Europe de l'Ouest",1806,0.443,0.197622,0.688378,0.335,0.524,0.42,85,15.7,NA,NA,NA,NA,NA,9,19,87,NA,1849900,NA,276.13,51352.63,151.2,15.4,18.3,7.6,3.6,NA,3396.33796296296,8.13045306043106,NA,"4"
"Helsinki-Uusimaa","FI1B","Finland","Europe du Nord",802,1.514,1.328285,1.699715,1.501,1.422,1.45,98.1,11.9,NA,1544,26,651,4275,NA,9,30,NA,1702678,11.5,NA,93282.21,184.7,14.4,12.4,7.7,1.8,7.7,5050.47157552788,8.52723689920229,NA,"4"
"Hovedstaden","DK01","Denmark","Europe du Nord",901,1.149,0.948403,1.349597,1.351,1.133,0.836,98.08,8.9,NA,15625,21,7623,5992,NA,8,80,5436,1855084,17.3,NA,128902.92,756,20.6,13.2,5.7,2.8,13.4,1705.06507936508,7.44135855870476,7.19047619047619,"4"
"Île de France","FR10","France","Europe de l'Ouest",1801,0.002,-0.26238,0.26638,-0.177,0.366,-0.182,90.79,14.3,NA,41053,139,57179,47777,9.5,12.4,708,NA,12348605,NA,385.42,710090.66,1026.8,9.1,17.1,8,3.9,NA,6915.56934164394,8.84153057500371,NA,"1"
"Illes Balears","ES53","Spain","Europe du Sud",514,0.065,-0.118039,0.248039,-0.064,0.293,-0.042,89.32,24.3,NA,3476,6,1476,1970,8.7,17.9,32,NA,1219775,22,490.04,26788.82,241.2,23,35.3,14.8,2.2,17.6,1110.64759535655,7.01269854342368,NA,"2"
"Ionia Nisia","EL62","Greece","Europe du Sud",2110,-1.555,-2.003938,-1.106062,-1.339,-1.506,-1.648,NA,21.4,NA,NA,NA,NA,NA,NA,26.3,8,NA,202371,18.9,513.91,2808.96,89.4,NA,30.8,13.2,3.5,20.1,314.201342281879,5.75003399787439,NA,"2"
"Ipeiros","EL54","Greece","Europe du Sud",2108,-0.922,-1.278097,-0.565903,0.23,-1.452,-1.442,NA,27.1,NA,NA,NA,NA,NA,NA,26.2,6,NA,330985,29,714.15,3715.5,36.8,NA,25.7,15.1,2.3,21.1,1009.64673913043,6.91735578541668,NA,"2"
"Jadranska Hrvatska","HR03","Croatia","Europe du Sud",1601,-0.94,-1.374772,-0.505228,-1.272,-0.844,-0.599,73.49,19.6,NA,NA,NA,NA,NA,8.5,20.1,52,NA,1369176,24,326.54,15410.39,56,3.3,10.6,9.5,3.8,18.1,2751.85535714286,7.92003063849421,NA,"2"
"Jihovýchod","CZ06","Czech Republic","Europe de l'Est",1906,-0.34,-0.545959,-0.134041,-0.326,-0.115,-0.54,84.64,4.5,NA,1330,15,434,821,10.1,8.7,38,NA,1704179,11.5,433.42,31789.27,124,7.8,4.1,2.4,2.4,7.2,2563.65080645161,7.84918761783423,NA,"4"
"Jihozápad","CZ03","Czech Republic","Europe de l'Est",1903,-0.446,-0.655646,-0.236354,-0.414,-0.217,-0.658,82.5,3.7,NA,778,10,411,1058,11.3,9.1,36,NA,1234592,8.4,381.61,20977.47,71.8,13.2,6.7,2.4,2.3,7.4,2921.65320334262,7.97990490057939,NA,"2"
"Karlsruhe","DE12","Germany","Europe de l'Ouest",122,0.947,0.750786,1.143214,1.078,0.61,1.048,NA,5.7,NA,NA,NA,NA,NA,NA,7.7,84,NA,2807601,NA,NA,123716.76,409.3,22.2,17.1,3.3,NA,NA,3022.64256046909,8.01388674778495,NA,"4"
"Kärnten","AT21","Austria","Europe de l'Ouest",404,0.747,0.590955,0.903045,0.51,1.073,0.576,85.5,8.9,NA,507,3,90,180,NA,8.7,10,NA,562089,NA,494.57,20697.06,59.9,NA,10.4,5.6,1.3,NA,3455.26878130217,8.14765552805352,NA,"2"
"Kassel","DE73","Germany","Europe de l'Ouest",143,0.976,0.80436,1.14764,0.855,0.846,1.118,NA,NA,NA,NA,NA,NA,NA,NA,7.1,33,NA,1217796,NA,NA,44268.66,147.5,28.6,16.3,2.9,NA,NA,3001.26508474576,8.00678917367719,NA,"2"
"Kentriki Makedonia","EL52","Greece","Europe du Sud",2106,-1.222,-1.61927,-0.82473,-1.189,-1.333,-1.008,NA,28.9,NA,NA,NA,NA,NA,NA,20,63,NA,1858755,31.5,615.72,22701.5,101.2,3.3,19.6,16.1,3.1,25.5,2243.23122529644,7.71567261672219,NA,"4"
"Koblenz","DEB1","Germany","Europe de l'Ouest",171,1.119,0.939022,1.298978,1.025,0.891,1.318,NA,NA,NA,NA,NA,NA,NA,NA,9.7,43,NA,1500830,NA,NA,50571.38,186.7,25.1,17.7,2.9,NA,NA,2708.69737546867,7.90422312505453,NA,"4"
"Köln","DEA2","Germany","Europe de l'Ouest",162,0.728,0.515312,0.940688,0.592,0.747,0.765,NA,7,NA,NA,NA,NA,NA,NA,8.6,155,NA,4475530,NA,NA,193314.71,613.4,20.8,18.5,4,NA,NA,3151.52771437887,8.05564260294238,NA,"3"
"Kontinentalna Hrvatska","HR04","Croatia","Europe du Sud",1602,-1.421,-1.844935,-0.997065,-1.302,-1.319,-1.484,NA,NA,NA,NA,NA,NA,NA,NA,NA,NA,NA,NA,NA,NA,NA,NA,NA,NA,NA,NA,NA,NA,NA,NA,NA
"Közép-Dunántúl","HU21","Hungary","Europe de l'Est",1403,-1.198,-1.595041,-0.800959,-1.598,-0.863,-1.002,85.3,4.9,NA,1453,11,315,570,NA,10.9,34,NA,1059586,13.2,222.29,13464.14,99.1,13.9,13.4,2.1,4,5.5,1358.64177598385,7.21424078557332,NA,"2"
"Kriti","EL43","Greece","Europe du Sud",2104,-1.323,-1.684492,-0.961508,-0.611,-1.601,-1.61,NA,30,NA,NA,NA,NA,NA,NA,19.1,23,NA,636766,27.3,593.24,8186.87,76.5,NA,27.1,16.3,2.3,14.9,1070.17908496732,6.97558128257964,NA,"2"
"Kujawsko-Pomorskie","PL61","Poland","Europe de l'Est",608,-0.814,-1.02702,-0.60098,-0.85,-0.841,-0.661,NA,9.8,NA,2130,17,762,823,NA,14.9,91,NA,2041485,20.3,NA,23025.59,116.8,NA,8,4.4,4,20.4,1971.36900684932,7.58648350771652,NA,"4"
"La Réunion","FRY4","France","Europe de l'Ouest",1826,0.057,-0.28443,0.39843,0.182,0.163,-0.181,65.4,34.1,NA,NA,NA,NA,NA,7.3,30.8,93,NA,866181,NA,340.78,19151,345.7,18.7,39.2,17.9,6.4,NA,553.977437084177,6.31712395863303,NA,"2"
"La Rioja","ES23","Spain","Europe du Sud",506,0.758,0.472894,1.043106,1.344,0.567,0.279,81,24.5,NA,489,2,220,165,9,13.8,5,NA,316176,19,326.97,8128.78,62.6,18.4,35.9,11.5,2.6,16.1,1298.52715654952,7.16898594466888,NA,"2"
"Languedoc-Roussillon","FRJ1","France","Europe de l'Ouest",1817,0.241,0.001244,0.480756,0.176,0.268,0.251,84.33,22.5,NA,NA,NA,NA,NA,9.5,16.9,82,NA,2893969,NA,366.87,74007.65,104.4,14.7,19.9,11.4,3.1,NA,7088.85536398467,8.86627916276702,NA,"4"
"Länsi-Suomi","FI19","Finland","Europe du Nord",801,1.31,1.103556,1.516444,1.234,1.368,1.184,93.24,13.9,NA,1678,26,261,1837,NA,10.9,30,NA,1378851,NA,NA,52234.62,23.7,9.8,9.5,7.7,1.8,NA,22039.9240506329,10.0006108172824,NA,"2"
"Latvia","LV","Latvia","LV",2401,-0.434,-0.628986,-0.239014,-0.35,-0.168,-0.736,NA,NA,NA,NA,NA,NA,NA,NA,NA,NA,NA,NA,NA,NA,NA,NA,NA,NA,NA,NA,NA,NA,NA,NA,NA
"Lazio","ITI4","Italy","Europe du Sud",313,-1.351,-1.612444,-1.089556,-1.232,-1.383,-1.289,82.14,26.1,NA,NA,NA,NA,NA,8.6,21.7,129,NA,5730399,26.5,466.89,186298.23,343,12.8,28.7,10,2.3,20.6,5431.43527696793,8.5999587015675,NA,"3"
"Leipzig","DED5","Germany","Europe de l'Ouest",183,0.854,0.645682,1.062318,0.687,0.625,1.155,NA,NA,NA,NA,NA,NA,NA,NA,9.6,26,NA,1053323,NA,NA,34966.44,268.4,NA,7.3,4.5,NA,NA,1302.77347242921,7.17225071122763,NA,"2"
"Liège","BE33","Belgium","Europe de l'Ouest",1123,0.154,-0.077615,0.385615,-0.095,0.117,0.423,84.57,18.4,NA,8696,28,2907,3223,6.5,16,34,6308,1113324,NA,364.92,30963.63,289.7,13.9,20.8,9.4,2.6,NA,1068.81705212289,6.9743077571114,21.7742492233345,"2"
"Liguria","ITC3","Italy","Europe du Sud",303,-0.757,-0.955282,-0.558718,-0.611,-0.947,-0.629,84.04,22.5,NA,4519,21,1224,5176,9.3,20.9,23,NA,1518495,21.2,453.95,46093.2,284.3,17.7,31,8.4,2.1,17.8,1621.28737249384,7.39097578701884,NA,"4"
"Limburg (BE)","BE22","Belgium","Europe de l'Ouest",1112,0.739,0.451199,1.026801,0.443,0.92,0.771,89.86,6.6,NA,3092,11,566,944,5.5,9,19,4212,883228,NA,262.66,28073.23,367.5,8.9,17.2,3.4,3.6,NA,763.897414965986,6.63843350654628,11.4612244897959,"2"
"Limburg (NL)","NL42","Netherlands","Europe de l'Ouest",1312,1.197,1.014582,1.379418,1.179,0.954,1.324,99.35,6.4,NA,6810,NA,519,1737,4.9,5.2,29,NA,1115872,15.2,362.07,45192.14,517.7,17,20.5,3.8,3.5,13.7,872.940699246668,6.77186762597992,NA,"2"
"Limousin","FRI2","France","Europe de l'Ouest",1815,0.586,0.34909,0.82291,0.442,0.573,0.677,81.5,11.4,NA,NA,NA,NA,NA,9,7.9,27,NA,724279,NA,331.01,18084.61,42.9,NA,15.7,6.3,2.9,NA,4215.52680652681,8.34652984638101,NA,"2"
"Lódzkie","PL71","Poland","Europe de l'Est",611,-0.982,-1.191332,-0.772668,-1.085,-0.918,-0.834,NA,9.7,NA,NA,NA,NA,NA,NA,10.6,101,NA,2425669,17,NA,32428.93,135.2,11.1,9.6,4.4,3.1,14.4,2398.58949704142,7.782636134001,NA,"4"
"Lombardia","ITC4","Italy","Europe du Sud",204,-0.944,-1.138516,-0.749484,-0.336,-1.356,-1.035,84.48,14.8,NA,41560,66,7594,34042,9,15.9,216,NA,9981554,16.1,367.49,365514.76,435.8,14.6,35.1,5.9,2.3,12.3,8387.2134006425,9.03446361087706,NA,"1"
"Lorraine","FRF3","France","Europe de l'Ouest",1811,0.392,0.206338,0.577662,0.362,0.476,0.294,87.31,16.8,NA,NA,NA,NA,NA,8.4,14.5,87,NA,2317598,NA,303.02,56551.79,98.6,8.4,20.7,8.5,3.5,NA,5735.47565922921,8.65442596583283,NA,"4"
"Lubelskie","PL81","Poland","Europe de l'Est",613,-1.236,-1.524496,-0.947504,-1.215,-1.624,-0.732,NA,10.7,NA,NA,NA,NA,NA,NA,17.2,80,NA,2074508,26.6,NA,19558.66,84,11.3,8,5.2,3.9,22.9,2328.4119047619,7.75294172823535,NA,"4"
"Lubuskie","PL43","Poland","Europe de l'Est",605,-0.681,-0.956968,-0.405032,-0.729,-0.889,-0.35,NA,NA,NA,1072,14,410,465,NA,16.6,48,NA,996912,15.5,NA,11230.51,72.6,NA,6.6,NA,3.1,12.8,1546.90220385675,7.34400963193405,NA,NA
"Lüneburg","DE93","Germany","Europe de l'Ouest",153,1.254,1.056245,1.451755,0.91,1.335,1.377,NA,NA,NA,NA,NA,NA,NA,NA,9.3,60,NA,1722474,NA,NA,49233.18,111.4,30.4,16.8,3,NA,NA,4419.49551166966,8.39378083092625,NA,"4"
"Luxembourg","LU","Luxembourg","LU",2201,1.159,0.977631,1.340369,1.031,1.044,1.275,NA,NA,NA,NA,NA,NA,NA,NA,NA,NA,NA,NA,NA,NA,NA,NA,NA,NA,NA,NA,NA,NA,NA,NA,NA
"Luxembourg (BE)","BE34","Belgium","Europe de l'Ouest",1124,0.513,0.338499,0.687501,-0.074,0.655,0.901,84.54,10.1,NA,1219,6,228,413,6,10.2,8,1168,291730,NA,239.64,6945.87,64.6,13.8,17.7,5.6,4.1,NA,1075.21207430341,6.98027319952671,18.0804953560372,"2"
"Malopolskie","PL21","Poland","Europe de l'Est",601,-0.839,-1.063278,-0.614722,-0.603,-1.05,-0.771,NA,6.7,NA,2921,24,2330,1032,NA,11.2,120,NA,3372763,15.5,NA,42605.22,224,NA,6.8,3.2,3.5,14.9,1902.01875,7.55067110110091,NA,"3"
"Malta","MT","Malta","MT",2701,-0.528,-1.062662,0.0066619999999999,-0.225,-0.261,-1.039,NA,NA,NA,NA,NA,NA,NA,NA,NA,NA,NA,NA,NA,NA,NA,NA,NA,NA,NA,NA,NA,NA,NA,NA,NA
"Marche","ITI3","Italy","Europe du Sud",312,-0.882,-1.17298,-0.59102,-0.727,-1.109,-0.713,84.98,17,NA,NA,NA,NA,NA,8.2,19,27,NA,1498236,18.3,374.7,39663.69,161.9,12.6,34,7.1,1.4,8,2449.88820259419,7.80379767090341,NA,"4"
"Martinique","FRY2","France","Europe de l'Ouest",1824,-0.428,-0.854561,-0.001439,-1.204,-0.306,0.273,74.72,31,NA,NA,NA,NA,NA,9.9,25.9,34,NA,356029,NA,307.65,8856,328.6,NA,29.2,12.8,5.7,NA,269.506999391357,5.59659436177935,NA,"2"
"Mayotte","FRY5","France","Europe de l'Ouest",1827,-1.348,-1.718497,-0.977503,-2.524,-0.46,-0.911,NA,NA,NA,NA,NA,NA,NA,NA,NA,NA,NA,NA,NA,NA,NA,NA,NA,NA,NA,NA,NA,NA,NA,NA,NA
"Mazowiecki regionalny","PL92","Poland","Europe de l'Est",619,-0.877,-1.102463,-0.651537,-0.841,-1.046,-0.646,NA,7.9,NA,NA,NA,NA,NA,NA,14,93,NA,2306192,23.7,NA,27107.72,79.5,8.3,7.8,3.8,3.8,20.7,3409.77610062893,8.13440190848226,NA,"4"
"Mellersta Norrland","SE32","Sweden","Europe du Nord",707,1.099,0.849956,1.348044,0.993,1.345,0.837,100,13.1,NA,407,6,121,1133,NA,7.4,6,NA,375709,22,NA,14515.82,5.3,24.5,9.3,6.3,2.5,19.5,27388.3396226415,10.2178726405818,NA,"2"
"Midi-Pyrénées","FRJ2","France","Europe de l'Ouest",1818,0.584,0.325695,0.842305,0.649,0.544,0.494,87.79,11.9,NA,NA,NA,NA,NA,9.1,10.2,97,NA,3119320,NA,341.39,94727.48,67.8,7.6,13.2,6.1,3.5,NA,13971.604719764,9.54478231464219,NA,"4"
"Midtjylland","DK04","Denmark","Europe du Nord",904,1.59,1.490951,1.689049,1.691,1.351,1.551,96.35,9.9,NA,8379,11,1799,4546,NA,10.5,51,2894,1332048,15.9,NA,65329.92,103.7,24.4,17.4,4.8,3.3,11.7,6299.89585342334,8.74828838104034,27.907425265188,"2"
"Mittelfranken","DE25","Germany","Europe de l'Ouest",135,0.843,0.68008,1.00592,1.005,0.65,0.781,NA,7.5,NA,NA,NA,NA,NA,NA,6.7,49,NA,1775704,NA,NA,79555.24,245.7,23.3,14.1,3.6,NA,NA,3237.90150590151,8.08268071558516,NA,"4"
"Molise","ITF2","Italy","Europe du Sud",315,-1.358,-1.531955,-1.184045,-1.469,-1.398,-1.057,78.27,30.7,NA,429,3,48,486,8.2,26.1,5,NA,294294,38.3,402.31,6088.3,68.2,NA,36.9,10.9,2.3,29.3,892.712609970674,6.79426470373882,NA,"2"
"Moravskoslezsko","CZ08","Czech Republic","Europe de l'Est",1908,-0.555,-0.781609,-0.328391,-0.358,-0.316,-0.93,81.44,6.2,NA,987,12,568,917,10.4,11,36,NA,1192834,14.3,374.75,18778.85,226.2,13.8,6.2,4.6,2.8,12.7,830.187886825818,6.72165204484256,NA,"2"
"Münster","DEA3","Germany","Europe de l'Ouest",163,1.206,1.047588,1.364412,1.017,1.154,1.314,NA,5.8,NA,NA,NA,NA,NA,NA,8.4,91,NA,2624719,NA,NA,89380.38,380.1,22.8,17.7,3.4,NA,NA,2351.49644830308,7.76280719098765,NA,"4"
"Namur","BE35","Belgium","Europe de l'Ouest",1125,0.492,0.293487,0.690513,-0.002,0.655,0.769,82.72,15.3,NA,2954,9,619,783,6.1,14.7,15,2554,500489,NA,357.41,13179.42,135.9,14.8,17.2,7.6,2.5,NA,969.788079470199,6.87707757285535,18.7932303164091,"2"
"Niederbayern","DE22","Germany","Europe de l'Ouest",132,1.193,1.052129,1.333871,1.165,1.216,1.065,NA,NA,NA,NA,NA,NA,NA,NA,5.5,37,NA,1247063,NA,NA,48481.7,121,NA,12.3,1.8,NA,NA,4006.7520661157,8.2957362335323,NA,"2"
"Niederösterreich","AT12","Austria","Europe de l'Ouest",402,1.023,0.893877,1.152123,0.81,1.416,0.728,88.86,7.7,NA,2557,11,226,906,NA,7.7,45,NA,1690879,NA,474.03,59524.96,88.9,12.8,12.8,5.1,2.8,NA,6695.72103487064,8.80922394984246,NA,"4"
"Niedersachsen","DE80","Germany","Europe de l'Ouest",109,1.023,0.849235,1.196765,0.727,1.043,1.187,NA,NA,NA,NA,NA,NA,NA,10.3,9.8,40,NA,1610774,NA,NA,46585.14,71.3,22.6,8.9,3.8,NA,NA,6533.68022440393,8.78472565071301,NA,"4"
"Noord-Brabant","NL41","Netherlands","Europe de l'Ouest",1311,1.207,0.992079,1.421921,1.279,0.992,1.215,98.18,5.5,NA,17265,NA,1044,2615,4.7,5.6,70,NA,2573949,13.7,271.02,120733.21,514.8,10.5,19.7,3.2,4.1,12.9,2345.24494949495,7.76014513149983,NA,"4"
"Noord-Holland","NL32","Netherlands","Europe de l'Ouest",1308,0.894,0.607439,1.180561,1.158,0.793,0.631,99.05,7.7,NA,19263,NA,3218,3743,4.5,5.4,107,NA,2888486,17.8,495.43,171052.81,1041.2,10.1,18.2,4.5,3.5,15.3,1642.8429696504,7.40418353808949,NA,"4"
"Nord-Est","RO21","Romania","Europe de l'Est",203,-1.889,-2.277673,-1.500327,-2.06,-1.411,-1.987,69.65,13.4,NA,1646,112,366,123,8.4,12.6,274,NA,3163465,41.4,265.56,22808.31,87.5,17.6,25.3,6.8,5.3,35.6,2606.664,7.86582652185282,NA,"3"
"Nord-Pas-de-Calais","FRE1","France","Europe de l'Ouest",1807,0.284,0.01773,0.55027,0.664,0.268,-0.11,82.65,15.7,NA,NA,NA,NA,NA,7.8,18.9,168,NA,4067882,NA,320.65,113778.25,327.4,12.6,19.6,8.8,3,NA,3475.20616982285,8.15340908568439,NA,"3"
"Nord-Vest","RO11","Romania","Europe de l'Est",201,-1.545,-1.885007,-1.204993,-1.616,-1.449,-1.399,80.82,7.1,NA,1758,35,250,246,7.5,12.9,195,NA,2537017,18.5,343.52,26902.12,75,16.9,16.5,3.1,6.7,14.1,3586.94933333333,8.18505735235121,NA,"4"
"Nordjylland","DK05","Denmark","Europe du Nord",905,1.534,1.394958,1.673042,1.643,1.392,1.396,95.4,10.8,NA,3343,3,593,2167,NA,9.5,19,1220,590439,15.1,NA,26325.02,76.4,22.9,20.4,5,2.1,13.3,3445.6832460733,8.14487749355755,15.9685863874346,"2"
"Norra Mellansverige","SE31","Sweden","Europe du Nord",706,1.191,0.878602,1.503398,0.917,1.191,1.333,88.32,21.3,NA,985,5,385,2867,NA,8.4,28,NA,858063,21.3,NA,31227.57,13.5,21.7,15.4,9.7,1.9,17.5,23131.5333333333,10.0489520450012,NA,"2"
"Norte","PT11","Portugal","Europe du Sud",2001,-0.089,-0.523043,0.345043,0.53,-0.026,-0.761,74.37,15.6,NA,8474,25,4411,7410,NA,10.6,74,NA,3566374,22,561.01,60328.35,169.3,8,45.9,6.6,2.2,21.1,3563.39929119905,8.17847022533843,NA,"3"
"Northern and Western","IE04","Ireland","Europe du Nord",1001,0.409,0.152391,0.665609,0.336,0.559,0.285,NA,10.9,NA,NA,NA,NA,NA,NA,12.3,39,NA,884580,25,NA,26434.08,35,NA,14.2,5.1,3.2,19.6,7552.59428571429,8.92964639722319,NA,"2"
"Notio Aigaio","EL42","Greece","Europe du Sud",2103,-1.387,-1.8438,-0.9302,-0.676,-1.336,-1.996,NA,29.9,NA,NA,NA,NA,NA,NA,25.5,11,NA,347848,30.8,366.32,5449.57,66.1,NA,25.6,18.8,4.1,17.5,824.443267776097,6.71470833159843,NA,"2"
"Nyugat-Dunántúl","HU22","Hungary","Europe de l'Est",1404,-1.248,-1.662276,-0.833724,-1.396,-1.033,-1.177,83.43,4.5,NA,1262,8,188,451,NA,12,31,NA,996876,17.8,252.07,13281.12,88.6,10.9,12,2.2,3.7,10,1498.99774266366,7.31255199220664,NA,"2"
"Oberbayern","DE21","Germany","Europe de l'Ouest",131,1.029,0.856327,1.201673,1.145,0.84,0.989,NA,4.9,NA,NA,NA,NA,NA,NA,5.9,119,NA,4719716,NA,NA,273500.84,273.4,17.3,11.7,2.7,NA,NA,10003.6883686906,9.21070914084164,NA,"3"
"Oberfranken","DE24","Germany","Europe de l'Ouest",134,1.09,0.901315,1.278685,0.946,0.904,1.299,NA,NA,NA,NA,NA,NA,NA,NA,6.6,28,NA,1062085,NA,NA,40736.92,147.8,NA,12,3.3,NA,NA,2756.21921515562,7.92161517002824,NA,"2"
"Oberösterreich","AT31","Austria","Europe de l'Ouest",406,0.846,0.701397,0.990603,0.549,1.288,0.609,88.89,5.7,NA,988,10,293,415,NA,7.4,39,NA,1495608,NA,432,65240.45,126.8,13.7,14.2,3.8,3.6,NA,5145.14589905363,8.54580900531091,NA,"4"
"Oberpfalz","DE23","Germany","Europe de l'Ouest",133,1.093,0.935891,1.250109,1.11,0.914,1.134,NA,NA,NA,NA,NA,NA,NA,NA,5.1,28,NA,1112267,NA,NA,46406.91,115.2,NA,11.1,2.5,NA,NA,4028.37760416667,8.30111899427255,NA,"2"
"Oost-Vlaanderen","BE23","Belgium","Europe de l'Ouest",1113,0.679,0.275555,1.082445,0.451,0.643,0.867,86.02,6.4,NA,5642,8,1488,1520,5.8,8.4,59,9027,1533876,NA,297.55,54758.07,512.3,5.9,13.2,2.8,3.4,NA,1068.86726527425,6.974354736126,17.6205348428655,"4"
"Opolskie","PL52","Poland","Europe de l'Est",607,-0.457,-0.750274,-0.163726,-0.794,-0.442,-0.086,NA,NA,NA,1138,11,250,181,NA,12.9,35,NA,936000,16.3,NA,10534.52,101.4,NA,5.6,2.8,4,10.1,1038.90729783037,6.94592476462624,NA,"2"
"Östra Mellansverige","SE12","Sweden","Europe du Nord",702,1.245,0.967249,1.522751,1.319,1.074,1.205,94.33,20.3,NA,2232,7,1120,5077,NA,7.5,46,NA,1737737,21,NA,66872.3,44.7,15.2,13.9,9.8,3.2,17.2,14960.2460850112,9.61315170092601,NA,"4"
"Overijssel","NL21","Netherlands","Europe de l'Ouest",1304,1.364,1.174006,1.553994,1.272,1.235,1.434,95.99,6.3,NA,4491,NA,275,415,4.3,5.6,41,NA,1166533,14.9,275.38,45697.71,344.9,12.8,20.3,3.8,4.6,13.6,1324.95534937663,7.18913403926884,NA,"2"
"Övre Norrland","SE33","Sweden","Europe du Nord",708,1.51,1.265897,1.754103,1.477,1.328,1.559,96.94,14.7,NA,415,4,189,1217,NA,5.1,15,NA,522806,14.5,NA,23814.19,3.4,15.5,8.4,6.1,1.3,13.3,70041.7352941177,11.1568465618513,NA,"2"
"País Vasco","ES21","Spain","Europe du Sud",504,0.895,0.45997,1.33003,1.006,1.146,0.434,86.78,21.7,NA,4366,10,2791,1179,9.2,9,46,NA,2185908,13.9,560.36,66558.49,303.7,9.4,23.1,9.8,2.6,12.2,2191.58676325321,7.69238110988202,NA,"4"
"Pays-de-la-Loire","FRG0","France","Europe de l'Ouest",1812,0.722,0.520012,0.923988,0.602,0.772,0.713,86.8,12.8,NA,NA,NA,NA,NA,8.6,9,110,NA,3849977,NA,295.72,116152.86,118.3,8.8,14.1,6,2.9,NA,9818.50042265427,9.19202368323701,NA,"3"
"Peloponnisos","EL65","Greece","Europe du Sud",2113,-1.001,-1.348244,-0.653756,-0.499,-1.211,-1.182,NA,28.1,NA,NA,NA,NA,NA,NA,29,13,NA,569345,34,394.83,7652.18,37.1,NA,26.9,12.7,2.5,24.2,2062.58221024259,7.63171397692602,NA,"2"
"Pest","HU12","Hungary","Europe de l'Est",1402,-1.023,-1.500565,-0.545435,-1.381,-0.52,-1.055,NA,6.7,NA,NA,NA,NA,NA,NA,9.3,39,NA,1309802,12.7,235.91,14601.03,205.1,14.2,10.3,3,2.8,9.7,711.898098488542,6.56793478106895,NA,"2"
"Picardie","FRE2","France","Europe de l'Ouest",1808,0.209,-0.020839,0.438839,0.334,0.162,0.107,87.32,19.1,NA,NA,NA,NA,NA,8.7,17.2,82,NA,1926546,NA,255.11,47851.62,99.4,12.9,23,9.7,4,NA,4814.046277666,8.4792932314389,NA,"4"
"Piemonte","ITC1","Italy","Europe du Sud",301,-0.64,-0.804506,-0.475494,-0.36,-0.943,-0.547,82.12,15.9,NA,18620,42,3698,9955,9.4,20,78,NA,4274945,17.3,365.28,126198.79,172.3,14.3,35.8,7.3,2.1,13.7,7324.36390017411,8.89896159054782,NA,"3"
"Podkarpackie","PL82","Poland","Europe de l'Est",614,-0.84,-1.086288,-0.593712,-0.953,-0.959,-0.514,NA,10.9,NA,NA,NA,NA,NA,NA,16.9,81,NA,2078146,22.6,NA,20066.21,117.8,10.2,6.6,4.8,4.3,17.6,1703.41341256367,7.44038940667132,NA,"4"
"Podlaskie","PL84","Poland","Europe de l'Est",615,-1.011,-1.240591,-0.781409,-0.872,-1.239,-0.811,NA,NA,NA,NA,NA,NA,NA,NA,13.1,48,NA,1144005,24.5,NA,11789.97,57.5,NA,8.7,3.2,3.4,19.6,2050.42956521739,7.62580459418966,NA,"2"
"Pohjois- ja Itä-Suomi","FI1D","Finland","Europe du Nord",804,1.508,1.311724,1.704276,1.476,1.48,1.403,92.7,14.2,NA,1712,47,287,2244,NA,12.7,18,NA,1274651,19.3,NA,45776.47,6.3,10.5,10.1,7.8,1.8,13.6,72661.0634920635,11.1935609422228,NA,"2"
"Poitou-Charentes","FRI3","France","Europe de l'Ouest",1816,0.598,0.381118,0.814882,0.435,0.622,0.671,79.74,19.5,NA,NA,NA,NA,NA,8.7,11.9,52,NA,1822237,NA,295.7,50038.5,70,11.9,17.7,8.6,2.5,NA,7148.35714285714,8.87463783905706,NA,"4"
"Pomorskie","PL63","Poland","Europe de l'Est",610,-0.617,-0.962886,-0.271114,-0.865,-0.956,0.038,NA,NA,NA,2620,30,1215,1318,NA,12.6,96,NA,2318867,12.2,NA,30459.84,130.6,11.4,6.5,2.3,4,13.1,2332.30015313936,7.75461024979653,NA,"4"
"Praha","CZ01","Czech Republic","Europe de l'Est",1901,-0.184,-0.48473,0.11673,-0.2,0.368,-0.701,89.31,5.6,NA,2753,16,773,4540,9.4,5.8,27,NA,1335084,8.3,742.52,58038.02,2714.3,2.4,2,2.3,1.8,7.1,213.82315882548,5.36514931276909,NA,"2"
"Principado de Asturias","ES12","Spain","Europe du Sud",502,0.521,0.36711,0.67489,0.481,0.799,0.226,81.26,26.9,NA,770,19,612,665,8.6,16,15,NA,1012889,27.7,418.1,21474.44,96.6,21.1,30.7,12.5,2.9,20.4,2223.02691511387,7.7066250214545,NA,"2"
"Provence-Alpes-Côte d'Azur","FRL0","France","Europe de l'Ouest",1821,0.323,0.107369,0.538631,0.317,0.482,0.134,89.24,14.7,NA,NA,NA,NA,NA,9.7,15.8,192,NA,5116360,NA,404.23,161290.27,162.4,13.4,19.2,8.1,2.6,NA,9931.66687192118,9.20348360517964,NA,"3"
"Puglia","ITF4","Italy","Europe du Sud",317,-1.479,-1.605459,-1.352541,-1.5,-1.56,-1.213,76.19,33.3,NA,9650,64,3428,22047,7.5,33.3,88,NA,3933777,34.8,379.05,71642.78,206.8,21.5,48.3,14.6,2.8,25.4,3464.35106382979,8.15028061091832,NA,"3"
"Região Autónoma da Madeira","PT30","Portugal","Europe du Sud",2007,-0.34,-0.71314,0.03314,0.421,-0.533,-0.87,81.35,21.1,NA,632,4,250,122,NA,14.5,6,NA,253923,32.9,474.72,4461.71,318,NA,49.2,8,3.2,24.2,140.30534591195,4.94382108981763,NA,"2"
"Região Autónoma dos Açores","PT20","Portugal","Europe du Sud",2006,-0.135,-0.401177,0.131177,0.329,-0.13,-0.59,84.2,17.2,NA,776,4,142,142,NA,19.7,6,NA,242201,32.4,376.45,4151.89,105.3,30.8,60.2,7.2,4.8,21.9,394.291547958215,5.97709060509263,NA,"2"
"Region Brussels","BE10","Belgium","Europe de l'Ouest",1101,-0.218,-0.518527,0.082527,-0.29,-0.157,-0.182,85.27,18.3,NA,11606,30,8726,3130,6.7,19.1,56,8619,1226329,NA,398.08,83846.54,7526.7,19.3,24.1,12.4,4.5,NA,111.398806914053,4.71311661750812,1.14512336083543,"2"
"Región de Murcia","ES62","Spain","Europe du Sud",516,-0.161,-0.307276,-0.014724,-0.078,0.265,-0.653,86.02,24.5,NA,4972,15,1581,2393,8.4,17.2,45,NA,1513076,29.7,423.09,29939.55,132.4,27.7,44.4,14.3,2.8,27.7,2261.29531722054,7.72369307729168,NA,"4"
"Rheinhessen-Pfalz","DEB3","Germany","Europe de l'Ouest",173,1.102,0.866988,1.337012,1.02,0.79,1.375,NA,7.3,NA,NA,NA,NA,NA,NA,9.7,69,NA,2063123,NA,NA,76692.25,303.2,22.2,17.5,4.4,NA,NA,2529.42777044855,7.83574837845121,NA,"4"
"Rhône-Alpes","FRK2","France","Europe de l'Ouest",1820,0.423,0.169645,0.676355,0.562,0.417,0.243,88.73,12.1,NA,NA,NA,NA,NA,8.9,10.5,248,NA,6740730,NA,346.85,231701.23,150.9,9.4,14.5,7.2,2.9,NA,15354.6209410205,9.63917174621531,NA,"1"
"Saarland","DEC0","Germany","Europe de l'Ouest",112,0.934,0.75439,1.11361,0.766,0.99,0.944,NA,NA,NA,NA,NA,NA,NA,8.5,11.4,28,NA,983991,NA,NA,33948.75,385.5,28.2,17,3,NA,NA,880.642023346304,6.78065121344842,NA,"2"
"Sachsen-Anhalt","DEE0","Germany","Europe de l'Ouest",114,0.744,0.484113,1.003887,0.308,0.742,1.1,NA,9.9,NA,NA,NA,NA,NA,8.4,12.5,63,NA,2180684,NA,NA,63539.31,108.7,29.6,8.4,4.4,NA,NA,5845.38270469181,8.6734073473302,NA,"4"
"Salzburg","AT32","Austria","Europe de l'Ouest",407,0.898,0.750536,1.045464,0.838,1.255,0.502,88.07,7.2,NA,438,4,120,158,NA,5.5,15,NA,560710,NA,590.96,27945.38,78.9,10.3,12,4.6,2.1,NA,3541.87325728771,8.17241103489276,NA,"2"
"Sardegna","ITG2","Italy","Europe du Sud",321,-1.384,-1.587614,-1.180386,-1.307,-1.708,-0.984,79.64,30,NA,2505,16,492,2894,7.8,29.1,23,NA,1590044,33.8,471.95,32381.99,68.3,17.8,45.8,13.5,1.2,27.8,4741.14055636896,8.46403300945041,NA,"4"
"Schleswig-Holstein","DEF0","Germany","Europe de l'Ouest",115,1.162,0.983011,1.340989,0.945,1.247,1.164,NA,4.9,NA,NA,NA,NA,NA,10.1,9,77,NA,2910875,NA,NA,98358.37,188.2,26.7,13,3.4,NA,NA,5226.26833156217,8.56145279025844,NA,"4"
"Schwaben","DE27","Germany","Europe de l'Ouest",137,1.108,0.952447,1.263553,1.155,1.024,1.021,NA,NA,NA,NA,NA,NA,NA,NA,6.5,49,NA,1905841,NA,NA,74762.97,191.5,20.6,13.6,2.9,NA,NA,3904.07154046997,8.26977527228055,NA,"4"
"Severen tsentralen","BG32","Bulgaria","Europe de l'Est",1702,-1.363,-1.693575,-1.032425,-1.468,-1.509,-0.963,67.77,14.3,NA,1838,16,212,33,5.9,21.1,47,NA,764897,34.6,328.92,4588.21,53.1,12.2,15.6,6.7,6.1,20.8,864.069679849341,6.76165341352596,NA,"2"
"Severoiztochen","BG33","Bulgaria","Europe de l'Est",1703,-1.728,-1.9864,-1.4696,-1.335,-1.98,-1.677,68.69,10,NA,1947,18,419,111,5.7,19.2,52,NA,922230,31.6,396.49,6190.8,63.7,16.9,21.7,6.1,4.7,19.1,971.868131868132,6.87922012845453,NA,"2"
"Severovýchod","CZ05","Czech Republic","Europe de l'Est",1905,-0.233,-0.447679,-0.018321,-0.217,0.099,-0.555,80.01,4.6,NA,905,13,363,1440,10.3,9.8,39,NA,1516135,12.3,351.58,25458.25,123.7,9.4,5.4,2.4,2.8,9.2,2058.06386418755,7.62952094807361,NA,"4"
"Severozápad","CZ04","Czech Republic","Europe de l'Est",1904,-0.747,-0.941005,-0.552995,-0.736,-0.536,-0.886,78.4,7.4,NA,1175,15,630,1594,9.9,16.3,51,NA,1110315,17.8,324.93,15196.96,131.7,19.5,12,4.3,2.9,10.8,1153.90736522399,7.05090917107651,NA,"2"
"Severozapaden","BG31","Bulgaria","Europe de l'Est",1701,-1.724,-2.056734,-1.391266,-1.87,-2.044,-1.066,57.77,16.9,NA,2453,28,360,103,5.7,30.2,52,NA,720172,42.7,448.39,4194.09,39,22.5,20.5,11.1,5.9,31.3,1075.40769230769,6.98045511732349,NA,"2"
"Sicilia","ITG1","Italy","Europe du Sud",320,-1.51,-1.720734,-1.299266,-1.239,-1.661,-1.462,75.19,40.1,NA,11321,65,5100,25557,8.2,37.6,171,NA,4833705,44.7,432.04,83334.86,192.1,26.4,47.6,18.7,3.1,38.1,4338.09786569495,8.375191251228,NA,"3"
"Sjælland","DK02","Denmark","Europe du Nord",902,1.094,0.841033,1.346967,0.64,1.037,1.483,96.09,10.3,NA,7741,18,1127,3280,NA,11.9,31,2254,838840,12.7,NA,31534.51,118.3,34.2,22.2,5,4.9,10.6,2665.63905325444,7.88819910269595,19.0532544378698,"2"
"Slaskie","PL22","Poland","Europe de l'Est",602,-0.68,-0.930391,-0.429609,-0.702,-0.874,-0.389,NA,7.2,NA,6949,63,3818,2569,NA,9.4,189,NA,4450220,12.2,NA,60970.82,368.8,7.6,4.8,2.9,3.6,11.2,1653.22180043384,7.41048126936036,NA,"3"
"Småland med öarna","SE21","Sweden","Europe du Nord",703,1.532,1.273295,1.790705,1.522,1.485,1.418,91.29,17.6,NA,1369,12,299,2250,NA,6.3,27,NA,873407,17.3,NA,33344.53,26.2,22.3,14.4,7.5,3,15.9,12726.9198473282,9.45147470212734,NA,"2"
"Sostines regionas","LT01","Lithuania","Europe du Nord",2501,-0.093,-0.444333,0.258333,-0.06,0.063,-0.273,NA,7,NA,NA,NA,NA,NA,NA,5.8,36,NA,829983,19.9,568.79,21138.71,86.6,3.1,2.4,4.8,2.6,13,2440.95958429561,7.80014651322828,NA,"2"
"Southern","IE05","Ireland","Europe du Nord",1002,0.753,0.487612,1.018388,0.678,0.629,0.87,NA,11.2,NA,NA,NA,NA,NA,NA,13.5,63,NA,1654261,21.9,NA,160267.12,55.6,NA,13.7,6.5,2.9,15.4,28825.0215827338,10.2689990938875,NA,"4"
"Steiermark","AT22","Austria","Europe de l'Ouest",405,0.934,0.839741,1.028259,0.657,1.501,0.54,90.33,5.7,NA,1163,3,261,271,NA,7.2,28,NA,1247077,NA,521.82,48593.4,76.6,12.3,13.1,4.3,2.2,NA,6343.78590078329,8.75523101444496,NA,"2"
"Sterea Ellada","EL64","Greece","Europe du Sud",2112,-1.476,-1.832244,-1.119756,-1.293,-1.519,-1.453,NA,38.9,NA,NA,NA,NA,NA,NA,27.3,17,NA,553235,28.8,309.35,8378.13,36.1,16,29,17.2,2.4,24.2,2320.81163434903,7.7496722458716,NA,"2"
"Stockholm","SE11","Sweden","Europe du Nord",701,1.34,1.082032,1.597968,1.335,1.239,1.296,97.05,15.6,NA,6127,24,3036,9696,NA,5.9,61,NA,2391990,13,NA,153557.61,361.8,14.3,10.1,8.2,2.3,12.2,4244.26782752902,8.35332460507752,NA,"4"
"Stredné Slovensko","SK03","Slovakia","Europe de l'Est",1503,-0.695,-0.931977,-0.458023,-0.589,-0.67,-0.749,81.23,14,NA,444,16,286,494,NA,16,43,NA,1334238,19.1,340.67,17915.57,82.7,12.2,6.5,7.5,4,NA,2166.33252720677,7.68079093711051,NA,"2"
"Strední Cechy","CZ02","Czech Republic","Europe de l'Est",1902,-0.416,-0.652595,-0.179405,-0.522,0.049,-0.729,86.68,5.8,NA,1570,9,366,2009,11.3,8.7,35,NA,1397997,8.9,268.93,25048.51,128.5,9.8,4.9,2.5,1.5,5.5,1949.30038910506,7.57522581236479,NA,"2"
"Strední Morava","CZ07","Czech Republic","Europe de l'Est",1907,-0.461,-0.67819,-0.24381,-0.26,-0.288,-0.784,81.56,4.4,NA,593,13,329,730,10.1,11,35,NA,1210641,15,387.46,19960.72,133.2,11.9,5.2,2.2,1.9,10,1498.55255255255,7.31225495624692,NA,"2"
"Stuttgart","DE11","Germany","Europe de l'Ouest",121,0.879,0.69068,1.06732,1.082,0.546,0.912,NA,4.5,NA,NA,NA,NA,NA,NA,7.2,131,NA,4151094,NA,NA,215437.09,393.3,24.1,17.2,3.1,NA,NA,5477.6783625731,8.60843663370954,NA,"3"
"Sud-Est","RO22","Romania","Europe de l'Est",204,-1.762,-2.105236,-1.418764,-2.472,-1.011,-1.608,72.06,14,NA,1522,65,365,234,8.3,23.7,199,NA,2351636,43.2,228.01,21525.14,70.9,24.5,26.4,6,5.9,30.5,3035.98589562764,8.01829149279578,NA,"4"
"Sud-Vest Oltenia","RO41","Romania","Europe de l'Est",207,-1.582,-1.892279,-1.271721,-2.259,-0.914,-1.397,76.59,21.6,NA,1721,45,133,219,7.7,20.7,127,NA,1892078,38.7,314.96,16921.75,66.9,11.9,18.4,9.2,7,30.5,2529.40956651719,7.83574118156776,NA,"4"
"Sud - Muntenia","RO31","Romania","Europe de l'Est",205,-1.543,-1.824004,-1.261996,-2.05,-1.093,-1.316,71.35,16.5,NA,1689,50,279,154,8.5,21.6,194,NA,2868994,32.6,158.27,24954.87,86.1,17.1,21.4,7.7,5.2,23,2898.35888501742,7.97189995407362,NA,"4"
"Swietokrzyskie","PL72","Poland","Europe de l'Est",612,-0.916,-1.160143,-0.671857,-0.939,-1.116,-0.593,NA,NA,NA,NA,NA,NA,NA,NA,16.5,39,NA,1209147,17.8,NA,12083.24,105.1,NA,6.4,4.4,4.2,13.4,1149.68981921979,7.04724746255809,NA,"2"
"Syddanmark","DK03","Denmark","Europe du Nord",903,1.41,1.259147,1.560853,1.432,1.204,1.437,97.34,8.4,NA,9636,9,1544,4712,NA,11,38,2912,1223634,16.5,NA,58012.11,102,27,20.7,4.4,3.2,12.1,5687.46176470588,8.64601934054753,28.5490196078431,"2"
"Sydsverige","SE22","Sweden","Europe du Nord",704,1.248,1.014859,1.481141,1.278,1.208,1.12,94.34,19.5,NA,4330,10,2013,4672,NA,7.7,47,NA,1548392,20.6,NA,61751.68,110.1,15.5,14.7,11.2,2.6,18.3,5608.69028156222,8.63207250986328,NA,"4"
"Thessalia","EL61","Greece","Europe du Sud",2109,-1.172,-1.429879,-0.914121,-0.452,-1.594,-1.34,NA,36.7,NA,NA,NA,NA,NA,NA,24.8,19,NA,709808,27.4,525.93,8707.54,51.4,NA,21.9,16.7,2.9,19.7,1694.07392996109,7.43489151650356,NA,"2"
"Thüringen","DEG0","Germany","Europe de l'Ouest",116,0.972,0.807874,1.136126,0.686,1.024,1.098,NA,NA,NA,NA,NA,NA,NA,9.3,8.4,50,NA,2120237,NA,NA,62220.29,132.4,25.4,7.3,3.3,NA,NA,4699.41767371601,8.45519388081265,NA,"4"
"Tirol","AT33","Austria","Europe de l'Ouest",408,0.865,0.686017,1.043983,0.94,0.939,0.621,89.32,7.5,NA,361,3,108,138,NA,6.9,17,NA,760105,NA,569.4,33454.64,60.4,12,14.3,4.8,3.2,NA,5538.84768211921,8.61954175848894,NA,"2"
"Toscana","ITI1","Italy","Europe du Sud",310,-0.475,-0.770783,-0.179217,-0.053,-0.731,-0.588,82.54,17.5,NA,NA,NA,NA,NA,7.1,16.7,63,NA,3692865,17.2,439.42,111307.47,162.7,16,34.7,7.5,1.6,12.4,6841.27043638599,8.83072872968348,NA,"3"
"Trento","ITH2","Italy","Europe du Sud",306,-0.114,-0.340663,0.112663,0.577,-0.445,-0.461,83.08,11.7,NA,NA,NA,NA,NA,9.4,16.3,12,NA,542166,13,322.87,20041.93,88.2,11.9,29.6,4.8,1.5,12,2272.32766439909,7.72855998792807,NA,"2"
"Trier","DEB2","Germany","Europe de l'Ouest",172,1.282,1.057745,1.506255,0.987,1.207,1.51,NA,NA,NA,NA,NA,NA,NA,NA,5.6,17,NA,534438,NA,NA,16303.54,108.5,NA,16.7,NA,NA,NA,1502.63041474654,7.31497246114279,NA,NA
"Tübingen","DE14","Germany","Europe de l'Ouest",124,0.602,0.405305,0.798695,0.652,0.336,0.752,NA,NA,NA,NA,NA,NA,NA,NA,6,53,NA,1867424,NA,NA,80707.85,214.2,27.1,17.3,2.9,NA,NA,3767.87348272642,8.23426605836142,NA,"4"
"Umbria","ITI2","Italy","Europe du Sud",311,-0.872,-1.351206,-0.392794,-0.436,-1.267,-0.817,80.05,17.8,NA,NA,NA,NA,NA,7.8,19.5,17,NA,865452,13.9,442.21,21447.64,105.5,14.4,28.7,6.6,3.2,12.1,2032.95165876777,7.61724403507106,NA,"2"
"Unterfranken","DE26","Germany","Europe de l'Ouest",136,1.083,0.927645,1.238355,1.153,0.866,1.11,NA,NA,NA,NA,NA,NA,NA,NA,6.2,35,NA,1317507,NA,NA,53066.63,155.1,17.3,12.8,2.3,NA,NA,3421.44616376531,8.13781859558085,NA,"2"
"Utrecht","NL31","Netherlands","Europe de l'Ouest",1307,1.033,0.74393,1.32207,1.043,1.131,0.811,98.01,7.1,NA,9204,NA,660,1165,4.6,5.4,55,NA,1361153,14,613.54,76838.07,934.6,9.1,15.6,4,3.8,12.7,822.149261716242,6.71192196216828,NA,"2"
"Valle d’Aosta","ITC2","Italy","Europe du Sud",302,-0.649,-0.868473,-0.429527,-0.073,-0.902,-0.9,76.16,NA,NA,322,0,18,55,8.9,15.7,3,NA,124089,10,365.5,4518.57,38.6,NA,38,7.3,0,8,1170.61398963731,7.06528366761204,NA,"2"
"Västsverige","SE23","Sweden","Europe du Nord",705,1.318,1.063033,1.572967,1.188,1.221,1.398,95.72,16,NA,3909,23,2056,8097,NA,6.3,54,NA,2071191,17.7,NA,90347.78,70.1,18.1,12.2,8.4,1.8,15.4,12888.4136947218,9.46408402355966,NA,"4"
"Veneto","ITH3","Italy","Europe du Sud",307,-0.267,-0.606896,0.072896,0.33,-0.758,-0.345,82.08,11.6,NA,NA,NA,NA,NA,8.6,15.2,89,NA,4869830,14.1,345.25,151909.84,282,13.4,34.5,5.3,1.9,13.7,5386.87375886525,8.59172048800187,NA,"3"
"Vest","RO42","Romania","Europe de l'Est",208,-1.317,-1.599917,-1.034083,-1.852,-0.942,-1.011,85.56,12.3,NA,1611,27,224,355,8.5,18.6,121,NA,1758582,25,446.18,20716.68,55.7,12.7,13.7,3.5,4.8,20.7,3719.33213644524,8.22129939793553,NA,"4"
"Vidurio ir vakaru Lietuvos regionas","LT02","Lithuania","Europe du Nord",2502,-0.344,-0.750751,0.062751,-0.162,-0.236,-0.595,NA,11.3,NA,NA,NA,NA,NA,NA,12,78,NA,1965697,26.8,398.36,28368.51,37.2,10,6.3,8.2,2.9,22.8,7625.9435483871,8.93931133787072,NA,"4"
"Vlaams-Brabant","BE24","Belgium","Europe de l'Ouest",1114,0.557,0.252454,0.861546,0.471,0.297,0.841,88.51,11,NA,6084,10,997,1214,5.8,7.6,38,4599,1163186,NA,413.41,49710.45,544.7,5.7,12.5,4,3.4,NA,912.620708646962,6.81632036015669,8.44317973196255,"2"
"Vorarlberg","AT34","Austria","Europe de l'Ouest",409,0.95,0.708714,1.191286,1.094,0.989,0.661,87.1,7.2,NA,191,0,70,70,NA,7.8,12,NA,399237,NA,437.88,18205.52,156.3,15.5,17.3,4.1,2.4,NA,1164.78055022393,7.06028797934965,NA,"2"
"Voreio Aigaio","EL41","Greece","Europe du Sud",2102,-1.257,-1.67422,-0.83978,-0.45,-1.386,-1.797,NA,24.4,NA,NA,NA,NA,NA,NA,27.2,6,NA,229155,33.1,314.58,2327.44,59.3,NA,24.1,13.9,4.8,22.7,392.485666104553,5.97250001707677,NA,"2"
"Východné Slovensko","SK04","Slovakia","Europe de l'Est",1504,-0.985,-1.177083,-0.792917,-0.625,-1.07,-1.151,83.25,19.8,NA,472,19,297,332,NA,21.6,163,NA,1629120,20.1,348.04,19613.67,103.9,16.4,10.2,10.9,8.7,NA,1887.74494706448,7.54313824598255,NA,"4"
"Vzhodna Slovenija","SI03","Slovenia","Europe du Sud",2601,-0.354,-0.61962,-0.08838,-0.168,-0.452,-0.401,79.67,10,NA,NA,NA,NA,NA,6.7,10,19,NA,1105046,17.2,282.63,20388.61,89,4.6,10.2,5,2.2,13.1,2290.85505617978,7.73668041383478,NA,"2"
"Warminsko-Mazurskie","PL62","Poland","Europe de l'Est",609,-0.942,-1.191169,-0.692831,-1.055,-1.038,-0.629,NA,NA,NA,1270,22,472,367,NA,20,60,NA,1392092,24.4,NA,13608.96,61.1,NA,13.9,3.5,3.7,19.4,2227.32569558101,7.7085569051411,NA,"2"
"Warszawski stoleczny","PL91","Poland","Europe de l'Est",616,-1.379,-1.792413,-0.965587,-1.711,-1.489,-0.782,NA,NA,NA,NA,NA,NA,NA,NA,5.8,117,NA,3095025,13.2,NA,92908.56,510.2,8.9,3.6,2.1,2.8,8.8,1821.02234417875,7.50715334993171,NA,"4"
"Weser-Ems","DE94","Germany","Europe de l'Ouest",154,1.038,0.87379,1.20221,0.913,0.927,1.159,NA,4.7,NA,NA,NA,NA,NA,NA,8,91,NA,2542666,NA,NA,90853.01,169.8,26.9,19.8,3.4,NA,NA,5350.58951707892,8.58496202392778,NA,"4"
"West-Vlaanderen","BE25","Belgium","Europe de l'Ouest",1115,0.745,0.353999,1.136001,0.736,0.555,0.86,87.8,7.8,NA,3376,12,891,1397,6.4,7.7,41,7852,1205101,NA,266.06,45611.05,380.8,7.3,18.7,3.6,3,NA,1197.76917016807,7.08821608078486,20.6197478991597,"2"
"Wielkopolskie","PL41","Poland","Europe de l'Est",603,-0.707,-0.952718,-0.461282,-0.566,-1.008,-0.468,NA,4,NA,2022,26,912,2055,NA,10,159,NA,3477550,18,NA,52161.2,117.9,6.8,5.3,2.2,3.3,16.2,4424.18999151823,8.39484248792159,NA,"3"
"Wien","AT13","Austria","Europe de l'Ouest",403,0.572,0.38458,0.75942,0.349,0.858,0.444,89.36,15.5,NA,9319,17,3123,2937,NA,11.8,85,NA,1920949,NA,696.84,96593.73,4808.9,17.3,16.6,12.1,4.7,NA,200.864501237289,5.3026305575383,NA,"4"
"Yugoiztochen","BG34","Bulgaria","Europe de l'Est",1704,-1.527,-1.848085,-1.205915,-1.146,-1.724,-1.543,62.12,12.7,NA,2516,31,546,98,5.7,24.8,94,NA,1020187,38.2,344.69,6364,52.5,25.8,21.8,5.6,7.7,27,1212.19047619048,7.10018431285414,NA,"2"
"Yugozapaden","BG41","Bulgaria","Europe de l'Est",1705,-1.945,-2.316136,-1.573864,-1.793,-1.662,-2.165,70.51,7.6,NA,12411,35,1680,82,4.9,10.6,76,NA,2085071,20.9,468.42,31008.5,103.7,7.2,7.9,3.5,2.9,14.5,2990.21215043394,8.00309961719005,NA,"4"
"Yuzhen tsentralen","BG42","Bulgaria","Europe de l'Est",1706,-1.305,-1.635115,-0.974885,-1.325,-1.374,-1.071,70.42,8.9,NA,2795,19,502,59,4.9,21.7,96,NA,1403991,37.5,405.86,8985.36,63.7,12.9,21.1,4,6,28,1410.57456828885,7.2517523956089,NA,"2"
"Zachodniopomorskie","PL42","Poland","Europe de l'Est",604,-1.025,-1.298039,-0.751961,-1.258,-1.11,-0.593,NA,NA,NA,2337,36,775,518,NA,15.4,68,NA,1664056,14.1,NA,19321.63,76.6,14.8,8.4,3.5,3.8,12,2522.40600522193,7.83296848898521,NA,"4"
"Zahodna Slovenija","SI04","Slovenia","Europe du Sud",2602,0.171,-0.11612,0.45812,-0.028,0.518,0.004,84.28,9.3,NA,NA,NA,NA,NA,6.9,8.6,20,NA,1003931,12.5,385.1,26529.43,126.9,6.9,7,4.5,2.2,10.3,2090.57762017336,7.64519568006349,NA,"2"
"Západné Slovensko","SK02","Slovakia","Europe de l'Est",1502,-0.736,-0.941888,-0.530112,-0.439,-0.834,-0.853,78.52,7.8,NA,639,39,331,1214,NA,12,62,NA,1819399,10.2,284.96,28360.28,123,NA,5.2,4.7,2.7,NA,2305.71382113821,7.7431455912796,NA,"4"
"Zeeland","NL34","Netherlands","Europe de l'Ouest",1310,1.122,0.824985,1.419015,0.956,1.313,0.972,97.33,5,NA,1484,NA,91,145,3.9,4.3,8,NA,385400,14.5,165.59,13994.61,212.6,15.6,21.3,3.6,3.5,14.4,658.260112888053,6.48960016155207,NA,"2"
"Zuid-Holland","NL33","Netherlands","Europe de l'Ouest",1309,1.137,0.908116,1.365884,1.136,0.954,1.195,98.69,9,NA,23608,NA,3574,4055,4.4,6.9,114,NA,3726050,18.1,377.93,168985.68,1292.2,13.9,20.4,5.1,3.5,15.4,1307.73626373626,7.17605287845728,NA,"3"
